No,カテゴリ,心情語・慣用表現,読み,難易度,意味・ニュアンス,入試物語文での代表的な場面・文脈例,小学生がつまずきやすい点・類語との識別ポイント
1,1. 恥・劣等感・気まずさ,気後れ,きおくれ,中,相手の勢いや周囲の雰囲気に圧倒され、心がひるむこと。,転校初日、周囲の生徒が優秀に見えて輪に入れず萎縮している場面。,単なる「恥ずかしい」ではなく「相手を上と見て引け目を感じている」点がポイント。
2,1. 恥・劣等感・気まずさ,きまりが悪い,きまりがわるい,中,その場の状況や体裁が悪く、照れくさかったり恥ずかしかったりすること。,隠れて練習していた下手なリコーダーの音を、偶然友人に聞かれてしまった場面。,「怒り」ではなく、「世間体や格好の悪さからくる照れや気まずさ」を表す。
3,1. 恥・劣等感・気まずさ,ばつが悪い,ばつがわるい,中,その場の成り行き上、居心地が悪く照れくさいこと。,嘘をついて誘いを断った友人と、街中のゲームセンターで鉢合わせた場面。,「きまりが悪い」と同義だが、より「偶然の巡り合わせの悪さ」が強調される。
4,1. 恥・劣等感・気まずさ,身の置き所がない,みのおきどころがない,中,恥ずかしさや気まずさのために、その場にどういてよいか分からないこと。,親戚一同が集まる席で、自分一人の失敗談を大声で暴露され、周囲から一斉に見つめられた場面。,空間的な狭さではなく、「心理的な居場所の喪失」を表現する慣用句。
5,1. 恥・劣等感・気まずさ,いたたまれない,いたたまれない,高,恥ずかしさ、申し訳なさ、辛さのために、その場にじっと留まっていられないこと。,自分が原因でチームが負けたのに、主将が代わりに責められているのを横で見ている場面。,単なる「可哀想」ではなく、「耐えがたい精神的苦痛でその場から逃げ出したい」状態。
6,1. 恥・劣等感・気まずさ,肩身が狭い,かたみがせまい,中,周囲に対して引け目を感じ、堂々と振る舞えないこと。,兄弟の中で自分だけが試験に不合格になり、親戚の集まりで縮こまっている場面。,身体の幅が狭いのではなく、「立場や世間体が悪く萎縮している」心情を表す。
7,1. 恥・劣等感・気まずさ,気が引ける,きがひける,中,相手に対して引け目や申し訳なさがあり、素直に行動できないこと。,いつも奢ってもらってばかりの先輩に対し、さらなる手助けを頼もうと躊躇する場面。,「やりたくない（気が進まない）」のではなく、「相手への遠慮や負い目」が理由。
8,1. 恥・劣等感・気まずさ,面はゆい,おもはゆい,高,照れくさい。面と向かって褒められたりして気恥ずかしいこと。,全校集会で人助けを表彰され、壇上で全校生徒から拍手を浴びている場面。,「嫌悪」ではなく、「気恥ずかしさとわずかな誇らしさが混ざり合った照れ」を指す。
9,1. 恥・劣等感・気まずさ,気恥ずかしい,きはずかしい,並,何となく恥ずかしい。どことなく照れくさいこと。,普段は乱暴な口調の幼馴染から、誕生日プレゼントを改まって手渡された場面。,強い屈辱ではなく、「日常と異なる改まった空気に戸惑い照れる」感覚。
10,1. 恥・劣等感・気まずさ,照れくさい,てれくさい,並,まともに相手と向き合うのが気恥ずかしいこと。,母の日に、感謝の手紙を直接手渡す瞬間、目を合わせられずに視線を泳がせる場面。,会話や心情描写で頻出。好意や感謝があるからこそ生じる裏返しの気恥ずかしさ。
11,1. 恥・劣等感・気まずさ,恥じ入る,はじいる,中,自分の至らなさや過ちを深く恥ずかしく思うこと。,貧しい身なりの少年を心の中で見下していたが、彼が誰よりも高潔に行動したのを知った場面。,表面的な照れではなく、「自己の醜さや未熟さを自覚して内省する」深い恥。
12,1. 恥・劣等感・気まずさ,顔から火が出る,かおからひがでる,中,極度に恥ずかしい思いをして、顔が真っ赤になること。,自信満々に答えた問題の答えが初歩的な間違いで、教室中から笑いが起きた場面。,激しい羞恥による生理現象を伴う慣用表現。怒りの「顔を真っ赤にする」と混同注意。
13,1. 恥・劣等感・気まずさ,穴があったら入りたい,あながあったらはいりたい,中,身の置き所がないほど、極度に恥ずかしいこと。,先生の悪口を友達に大声で言っていたら、当の先生が真後ろに立っていた場面。,取り返しのつかない大失態を犯した際の、極度の羞恥と逃避願望を表す。
14,1. 恥・劣等感・気まずさ,劣等感,れっとうかん,中,自分が他者よりも劣っているという根深い感情（コンプレックス）。,何でも要領よくこなす弟に対し、不器用な兄が長年抱き続けてきた暗い感情の場面。,一時的な「負けた悔しさ」ではなく、「持続的・根本的な引け目の感覚」。
15,1. 恥・劣等感・気まずさ,引け目,ひけめ,中,自分が相手より劣っていると感じて、気後れする気持ち。,裕福な家庭で育ったクラスメイトたちの中で、質素な服を着ている自分を意識する場面。,自身の境遇や能力に対する負い目から、相手に対して一歩引いてしまう感情。
16,1. 恥・劣等感・気まずさ,卑下する,ひげする,高,自分を必要以上に劣ったものとして低く扱うこと。,「どうせ僕なんか走ってもビリに決まっている」と、大会前に自嘲気味につぶやく場面。,謙虚（美徳）の範囲を超えて、「自分をあえて低く貶める」消極的な心理。
17,1. 恥・劣等感・気まずさ,忸怩たる思い,じくじたるおもい,高,自分の過去の行いについて、深く恥じ入る気持ち。,親友の窮地を見て見ぬ振りをしてしまい、後から一人自責の念に苦しむ大人の回想場面。,「悔しい」ではなく「自分の不甲斐なさ・道義的至らなさを恥じる」難関校必須語。
18,1. 恥・劣等感・気まずさ,居心地が悪い,いごこちがわるい,並,その場の雰囲気になじめず、落ち着かない気分であること。,秀才ばかりが集まる特別進学クラスに一人だけ紛れ込んでしまった主人公の場面。,物理的な座り心地ではなく、「人間関係や環境における精神的アウェー感」。
19,1. 恥・劣等感・気まずさ,縮こまる,ちぢこまる,並,恐縮したり恥じ入ったりして、体を小さくするように控えめにすること。,職員室に呼び出され、厳しい指導教官の机の前で直立不動のまま説教を聞く場面。,寒さの身体反応だけでなく、「心理的プレッシャーで自己を主張できない」様。
20,1. 恥・劣等感・気まずさ,羞恥心,しゅうちしん,高,恥ずかしいと思う感情・心。,人前で日記を勝手に読み上げられ、内面を暴かれた主人公が耳まで赤くする場面。,抽象概念語。記述の結びで「〜という羞恥心から」のように動機として機能する。
21,1. 恥・劣等感・気まずさ,合わせる顔がない,あわせるかおがない,中,申し訳なさや恥ずかしさのために、その人に面と向かって会えないこと。,期待して応援してくれた祖父母に対し、怠惰が原因で不合格になったことを報告できない場面。,罪悪感と羞恥心が融合し、「相手への敬意があるからこそ面会を避ける」心情。
22,1. 恥・劣等感・気まずさ,顔向けができない,かおむけができない,中,世間や相手に対して恥ずかしい行いをしてしまい、堂々と対面できないこと。,チームのルールを破って勝手な行動を取り、迷惑をかけた仲間の輪に戻れない場面。,「合わせる顔がない」と同義。道義的責任を果たせなかった引け目を表す。
23,1. 恥・劣等感・気まずさ,影が薄い,かげがうすい,並,存在感が乏しく、周囲から注目されない様子や心情。,活発なグループの中で一言も発言できず、誰からも意見を求められない自分の場面。,性質の説明だけでなく、「自分には価値がないと感じる劣等感」の描写として出題。
24,1. 恥・劣等感・気まずさ,所在ない,しょざいない,高,これといってすることがなく、退屈で落ち着かないこと。,招かれた高級パーティーで誰一人知り合いがおらず、手持ち無沙汰にグラスを持つ場面。,単なる「暇」ではなく、「周囲に馴染めず自分の居場所が見出せない」気まずさ。
25,1. 恥・劣等感・気まずさ,泥を塗る,どろをぬる,中,恥をかかせる。名誉を傷つけること（顔に泥を塗る）。,代々続く名門の看板を背負いながら、自らの軽率な行動で問題を起こしてしまった場面。,本人の羞恥のみならず、「親や恩師の名誉を汚してしまった罪悪感」を伴う。
26,1. 恥・劣等感・気まずさ,面目を失う,めんぼくをうしなう,高,世間や周囲に対する体面・名誉を失って恥ずかしい思いをすること。,あれほど豪語していたライバルとの勝負にあっさりと完敗し、応援団の前に立つ場面。,「プライドの失墜」を表す成語。「めんぼく」の読みや意味の選択肢で頻出。
27,1. 恥・劣等感・気まずさ,気まずい,きまずい,並,互いの気持ちやその場の空気がしっくり合わず、居心地が悪くて落ち着かないこと。,喧嘩をした翌朝、通学路でばったり出会ってしまい、二人きりで無言のまま並んで歩く場面。,「怒り」ではなく「関係のぎくしゃくさから生じる空気の重さや居心地の悪さ」を表す。
28,1. 恥・劣等感・気まずさ,情けない,なさけない,並,自分のふがいなさや弱さに失望し、惨めで恥ずかしく思うこと。,友達がいじめられているのを見ていながら、怖くて助けに入れず逃げ出してしまった場面。,他人を哀れむ日常語の「情けない奴」ではなく、「自己の未熟さや不甲斐なさに対する自責と羞恥」を示す。
29,1. 恥・劣等感・気まずさ,惨め,みじめ,並,見るに忍びないほど哀れで、自尊心が深く傷つき哀れな様子。,勝負に負けただけでなく、周囲から笑いものにされて一人雨の中で泥だらけになっている場面。,単なる「悲しい」ではなく、「自尊心を踏みにじられ、落魄した自分に対する耐えがたい屈辱感」。
30,1. 恥・劣等感・気まずさ,もじもじする,もじもじする,並,恥ずかしさや気後れから、言いたいことや行動がはっきりできずためらう様子。,先生に本当のことを話そうと職員室に来たが、指をもてあそび視線を伏せてなかなか口を開けない場面。,身体反応・仕草の描写。「躊躇（頭での迷い）」が外見的な挙動として表れたもの。
31,1. 恥・劣等感・気まずさ,肩をすぼめる,かたをすぼめる,並,気まずさ、恥ずかしさ、恐縮、または諦めから身体を縮めること。,自分の失敗をみんなの前で指摘され、小さく肩をすぼめて小さくなる場面。,寒さによる身体反応ではなく、「気まずさや申し訳なさから自己の存在感を小さくしようとする」動作表現。
32,1. 恥・劣等感・気まずさ,恥をかく,はじをかく,並,人前で失敗や醜態をさらし、体面を失って恥ずかしい思いをすること。,知ったかぶりをして大声で解説していた知識が全くのデタラメだと指摘され、赤面する場面。,「顔から火が出る」等の慣用表現とセットで使われる、体面（プライド）の失墜を表す基本語。
33,1. 恥・劣等感・気まずさ,身の縮む思い,みのちぢむおもい,中,極度の恥ずかしさや恐縮、または恐怖から、身体が小さく縮こまるように感じること。,自分の軽はずみな行動が原因で大騒動になり、大勢の大人たちから厳しく見つめられる場面。,単なる反省ではなく、「その場から消え去りたいほどの強烈な羞恥と居たたまれなさ」。
34,1. 恥・劣等感・気まずさ,汗顔の至り,かんがんのいたり,高,極めて恥ずかしく、顔に冷や汗が出るほど申し訳なく思うこと。,自分の狭い了見を恥じ、高潔な友人の真意を知って心から己を恥じ入る回想場面。,難関校の語彙問題や大人の回想記述で頻出。「汗顔（顔に汗をかく）」＝極度の恥。
35,2. 誇り・自尊心・優越感,誇らしい,ほこらしい,並,自分のしたことや自分の属する集団を誇りに思い、胸を張りたい気持ち。,困難な課題を仲間とやり遂げ、観衆から惜しみない拍手を送られている場面。,単なる「嬉しい」ではなく、「自己の存在や努力の価値を高く認める」感情。
36,2. 誇り・自尊心・優越感,矜持,きょうじ / きんじ,高,自分の能力や立場に対する誇り・プライド。自負。,職人である祖父が、安価な大量生産品に流されず手作業の質を頑なに守り抜く場面。,「意地」よりも格調が高く、「自己の信念や職責に対する高潔なプライド」を指す。
37,2. 誇り・自尊心・優越感,自負,じふ,高,自分の才能や仕事に自信と誇りを持つこと。またその心。,「この学年で誰よりも数学の問題を解いてきた」という確信を胸に試験に臨む場面。,傲慢なニュアンスは薄く、「確固たる努力に基づく正当な自信」を表す。
38,2. 誇り・自尊心・優越感,自尊心,じそんしん,中,自分自身を尊び、品格を保とうとする心情。プライド。,貧しさを理由に同情して施しを与えようとする相手の手を、きっぱりと拒絶する場面。,「プライド」の和訳語。傷つけられたときに怒りや反発の原動力となる。
39,2. 誇り・自尊心・優越感,プライド,ぷらいど,並,誇り、自尊心。時に見栄や頑迷さを含む。,先輩のアドバイスに従えば上達すると分かっているのに、素直に頭を下げられない場面。,肯定的文脈（誇り）と否定的文脈（くだらない意地）の両面で使われる。
40,2. 誇り・自尊心・優越感,優越感,ゆうえつかん,中,自分が他人よりも優れているという満足感・得意な気持ち。,難問を自分一人だけが正解し、周囲が頭を抱えているのを見てほくそ笑む場面。,単独での喜びではなく、「常に他者との比較において自分が上である」快意。
41,2. 誇り・自尊心・優越感,鼻が高い,はながたかい,中,得意になっていること。誇らしく思うこと。,自分の妹がピアノコンクールで優勝し、近所の人々から口々に賞賛される場面。,自分のことだけでなく、「身内や仲間の活躍を我がことのように誇る」際にも使用。
42,2. 誇り・自尊心・優越感,胸を張る,むねをはる,並,自信や誇りを持って、堂々とした態度をとること。,厳しい練習を一日も休まず耐え抜き、堂々と開会式の行進を行う場面。,身体の姿勢だけでなく、「やましいところが一切なく自信に満ちている」心理。
43,2. 誇り・自尊心・優越感,得意満面,とくいまんめん,中,いかにも自慢げで、満足しきった表情を顔全体に浮かべること。,予想が的中してライバルに大差で勝利し、意気揚々と控室に戻ってくる場面。,内面の誇りが「外見・表情に露骨に溢れ出ている」様子を示す四字熟語。
44,2. 誇り・自尊心・優越感,有頂天,うちょうてん,中,喜びや得意さのあまり、我を忘れて夢中になっていること。,初めて描いた絵が金賞を取り、褒めそやされて地に足がつかない状態の場面。,ポジティブな喜びだが、「舞い上がりすぎて周囲が見えなくなっている」危うさを含む。
45,2. 誇り・自尊心・優越感,鼻にかける,はなにかける,中,自慢する。得意がる態度をとること。,名門校に通っていることを鼻にかけ、地元の友人たちに対して偉そうな口調をとる場面。,「鼻が高い（誇る）」と異なり、客観的に「嫌味な自慢をしている」批判的ニュアンス。
46,2. 誇り・自尊心・優越感,意気揚々,いきようよう,中,得意げで、元気や勢いに満ちあふれている様子。,逆転ゴールを決めたヒーローが、歓声を送る応援スタンドに向かって手を振る場面。,勝利や成功による高揚感と誇らしさが、前向きなエネルギーとなっている様。
47,2. 誇り・自尊心・優越感,面目を保つ,めんぼくをたもつ,高,世間体や名誉を失わずに済むこと。プライドを守り抜くこと。,追いつめられたキャプテンが、最終打席で意地の同点ヒットを放つ場面。,「面目を失う」の対義語。周囲からの期待や体面をギリギリで死守した安堵と誇り。
48,2. 誇り・自尊心・優越感,名誉,めいよ,並,優れていると認められ、世間から尊ばれること。またその誇り。,学校の歴史の中で初の全国大会出場を果たし、校史に名前を刻む場面。,社会的評価とそれに伴う個人の誇り。記述のキーワードとして頻出。
49,2. 誇り・自尊心・優越感,高慢,こうまん,高,自分の才能や地位を誇って、他人を見下し侮ること。,成績優秀であることを鼻にかけ、努力が実らないクラスメイトを嘲笑する場面。,「自負」が健全な誇りであるのに対し、「高慢」は他者への侮蔑を含む否定表現。
50,2. 誇り・自尊心・優越感,慢心,まんしん,高,いい気になって驕り高ぶること。油断を生む自己過信。,予選を圧勝したことで「本戦も楽勝だ」と練習の手を抜き始めるチームの場面。,成長を阻害し挫折の原因となる「過信」。物語の転換点（失敗の伏線）に頻出。
51,2. 誇り・自尊心・優越感,自惚れ,うぬぼれ,中,実際以上に自分が優れていると思い込んで得意がること。,「自分がいなければこの合唱団は成り立たない」と一人で思い込んでいる場面。,客観的実力と自己認識が乖離していることに対する皮肉・批判的表現。
52,2. 誇り・自尊心・優越感,見下す,みくだす,並,相手を自分より劣るものとして、軽く見たり馬鹿にしたりすること。,都会から来た主人公が、田舎の学校の設備や素朴な同級生の遊びを嘲笑する場面。,心理のベクトルが「他者を低く評価する」方向に向いていることを明示する語。
53,2. 誇り・自尊心・優越感,鼻であしらう,はなであしらう,高,相手の言葉や態度を冷淡に無視し、小馬鹿にした扱いをすること。,真剣にアドバイスをくれる友人の話を、「ふん」と嘲笑して聞く耳を持たない場面。,軽蔑や傲慢さが外的な言動・態度として表出した慣用句。
54,2. 誇り・自尊心・優越感,高をくくる,たかをくくる,高,相手の力量や事態の進展を大したことではないと安易に見積もること。,「あいつの球なら簡単に打てる」と甘く見て、凡打に倒れてしまう場面。,油断や侮留の心理。「過小評価して侮る」という意味で選択肢に頻出。
55,2. 誇り・自尊心・優越感,一矢報いる,いっしむくいる,高,圧倒的に不利な状況で、相手の攻撃や侮辱に対して少しでも反撃すること。,実力差のある強豪校に大敗したものの、相手のエースから意地で1点をもぎ取る場面。,敗北の中でも「プライドを守るために意地を見せた」複雑な心情を表現する。
56,2. 誇り・自尊心・優越感,晴れがましい,はれがましい,高,華やかで誇らしく、堂々と晴れやかな気持ちであること。,卒業式で全校生徒を代表して答辞を読み、全員の注目を浴びている場面。,人前に立つ照れくささ（面はゆさ）と、選ばれたことへの誇らしさが同居する。
57,2. 誇り・自尊心・優越感,威厳,いげん,中,近寄りがたいほど堂々として厳かな様子・気品。,頑固な老職人が一言も発さずに仕事場に入ってきただけで、若手が静まり返る場面。,個人の精神的成熟や信念から滲み出る、他者を圧倒する誇りと重み。
58,2. 誇り・自尊心・優越感,尊厳,そんげん,高,尊く冒してはならないこと。人間としての侵すべからざる品位。,不当な差別に晒されながらも、決して暴力に訴えず気高く信念を主張し続ける場面。,人間としての根源的なプライド。論説文や社会派物語文の最重要概念語。
59,2. 誇り・自尊心・優越感,凱歌を上げる,がいかをあげる,高,勝利を喜び、誇らかに祝うこと。,宿敵との長い戦いに決着をつけ、抱き合って優勝旗を掲げる場面。,単なる喜びを超え、「戦いに打ち勝った誇りと達成感」が爆発する情景。
60,2. 誇り・自尊心・優越感,悦に入る,えつにいる,高,自分のしたことが思い通りになり、独り満足して喜ぶこと。,自分で仕掛けた手の込んだ悪戯が完璧に成功し、物陰で一人ほくそ笑んでいる場面。,周囲と分かち合う喜びではなく、「自己満足に浸って得意がる」やや批判的なニュアンス。
61,2. 誇り・自尊心・優越感,鼻を明かす,はなをあかす,中,優位に立って威張っていた相手を出し抜き、あっと言わせて見返すこと。,いつも見下して馬鹿にしてきたライバルに対し、猛特訓した新技で見事に一本勝ちを収める場面。,「鼻が高い（誇らしい）」と区別。「相手の慢心を打ち砕いて驚かせ、快哉を叫ぶ」逆転のニュアンス。
62,2. 誇り・自尊心・優越感,ほくそ笑む,ほくそえむ,中,計画が思い通りに運んだり優位に立ったりして、陰でひそかに満足して笑うこと。,罠にかかった相手が右往左往しているのを、物陰から冷ややかに見下ろして満足する場面。,単なる笑顔ではなく、「悪意や優越感を含んだ、他人には見せないひそかな満足の笑み」。
63,2. 誇り・自尊心・優越感,気を良くする,きをよくする,並,褒められたり物事が思い通りに進んだりして、機嫌が良くなり気分を高揚させること。,厳しい師匠から「筋がいい」と一言褒められ、途端にやる気を出して練習に励む場面。,「うれしい」から一歩進み、「自尊心が満たされて意欲や機嫌が前向きになる」心の弾み。
64,2. 誇り・自尊心・優越感,意気盛ん,いきさかん,中,気力や意気込みが非常に充実し、勢いがある様子。,緒戦を快勝で飾り、勢いに乗って「次の強豪も絶対に倒す」とチーム全体が活気づく場面。,自信と闘志に満ち溢れている状態を表す。「意気揚々」が勝利後の誇りなら、「意気盛ん」は前進の勢い。
65,2. 誇り・自尊心・優越感,得意げ,とくいげ,並,誇らしく満足そうな様子が、表情や態度にありありと表れていること。,誰も解けなかった難問の解き方を黒板に書き、席に戻る際に見せる自慢げな態度。,「得意満面」の日常的表現。他者に対して「どうだ」と見せつけたい自負心を含む。
66,2. 誇り・自尊心・優越感,堂々たる,どうどうたる,並,少しも動じる様子がなく、立派で威厳に満ちているさま。,完全アウェイのプレッシャーの中、胸を張ってグラウンドの中央に進み出る主将の姿。,外見の大きさだけでなく、「内面の確固たる信念や自信から生まれる揺るぎなさ」。
67,2. 誇り・自尊心・優越感,肩で風を切る,かたでかぜをきる,中,得意満面で、周囲を見下すように威張って大手を振って歩く様子。,選考会でトップ通過を果たした少年が、傲慢な態度で廊下を歩き周囲を威圧する場面。,誇りの過剰化としての「慢心・思い上がり」を批判的に描写する慣用句。
68,2. 誇り・自尊心・優越感,鼻高々,はなたかだか,並,得意になって自慢そうにする様子。,自分の描いたポスターが街中に貼られ、友達にそれを見せびらかしながら歩く場面。,「鼻が高い」の強調語。周囲に対して得意げに見せびらかす心理。
69,3. 葛藤・戸惑い・もどかしさ,後ろめたい,うしろめたい,中,自分の行いにやましい点があり、気がとがめること。,友人が落とした定期券を拾ったのに、拾得物として届けずポケットに入れたままにする場面。,単なる「申し訳ない」ではなく、「秘密にしている悪事に対する良心の呵責」。
70,3. 葛藤・戸惑い・もどかしさ,やましい,やましい,中,良心に恥じる点がある。後ろめたい。,嘘をついて宿題を忘れた言い訳をし、先生がそれを信じて心配してくれた場面。,「後ろめたい」とほぼ同義。内心の不正・不正義に対する罪悪感。
71,3. 葛藤・戸惑い・もどかしさ,気が咎める,きがとがめる,中,自分のしたことについて、良心が痛んで悪く思うこと。,自分だけが早く帰宅して遊び、残された係の仲間が重労働をしているのを知った場面。,「咎める（責める）」の主語は自分の良心。「自責の念」と同義。
72,3. 葛藤・戸惑い・もどかしさ,もどかしい,もどかしい,中,思うようにならず、じれったくて歯がゆいこと。,足を怪我したため、目の前でピンチに陥っているチームをベンチから見守るしかない場面。,「悲しい」ではなく、「自らの無力さや障害のせいで事態を好転させられない苛立ち」。
73,3. 葛藤・戸惑い・もどかしさ,歯がゆい,はがゆい,中,自分の力ではどうにもならず、もどかしくていらだたしいこと。,幼い弟が一生懸命に靴紐を結ぼうとして何度も失敗するのを、手を貸さず見守る場面。,「もどかしい」の同義語。手を出したいのに出せないもどかしさを表す。
74,3. 葛藤・戸惑い・もどかしさ,じれったい,じれったい,並,物事が早く思い通りに進まなくて、苛立つ気持ち。,肝心な告白をなかなか切り出せない友人の遠回りな話し方に、横でやきもきする場面。,時間の遅さや相手の要領の悪さに対する「苛立ちを含んだ焦燥感」。
75,3. 葛藤・戸惑い・もどかしさ,割り切れない,わりきれない,中,理屈では納得できても、感情の上では受け入れられずわだかまりが残ること。,規則違反だからと親友を失格にした審判の判定は正しいと知るが、納得できない場面。,論理（正論）と心情の対立を表す最重要語。記述問題の結びで極めて重宝される。
76,3. 葛藤・戸惑い・もどかしさ,腑に落ちない,ふにおちない,中,いくら考えても納得がいかない。合点がいかないこと。,練習熱心だったエースが、大会直前に突然「部活を辞める」と言い出した場面。,「腑＝はらわた（心意）」。事実として受け入れられない論理的不審・疑問。
77,3. 葛藤・戸惑い・もどかしさ,釈然としない,しゃくぜんとしない,高,疑いや不満が心の中に残り、すっきりと晴れ晴れしないこと。,相手が形式的に謝罪してきたものの、反省の態度が全く見られない場面。,表面上は解決した事態に対し、感情的な不信感がくすぶり続けている状態。
78,3. 葛藤・戸惑い・もどかしさ,葛藤,かっとう,中,相反する二つの欲求や感情が心の中に存在し、どちらを選ぶべきか苦悩すること。,親友の不正を告発して正義を貫くべきか、黙認して友情を守るべきか悩む場面。,単なる「悩み」ではなく、「AとBの対立する選択肢の間で引き裂かれる苦しみ」。
79,3. 葛藤・戸惑い・もどかしさ,逡巡,しゅんじゅん,高,決断がつかず、ぐずぐずと迷い躊躇すること。,危険な川に飛び込んで流された犬を助けるべきか、恐怖から足がすくんで迷う場面。,「ためらい」の改まった表現。難関校の本文読解や選択肢で頻出。
80,3. 葛藤・戸惑い・もどかしさ,ためらう,ためらう,並,どうすべきかあれこれ迷って、決心がつかないこと。,職員室のドアの前まで来たが、真実を打ち明ける勇気が出ずノブから手を離す場面。,行動の直前における内面的な迷いや二の足を踏む心理。
81,3. 葛藤・戸惑い・もどかしさ,躊躇する,ちゅうちょする,中,あれこれ迷って行動に踏み切れないこと。,ライバルが落とした道具を拾ってあげるべきか、一瞬立ち止まって迷う場面。,「ためらう」の漢語表現。記述問題の字数調整や選択肢照合で頻繁に交替する。
82,3. 葛藤・戸惑い・もどかしさ,二の足を踏む,にのあしをふむ,中,先に進むのをためらい、しり込みすること。,冬の厳しい山に登る過酷な訓練メニューを聞かされ、参加を申し出るのをためらう場面。,「一歩目は出たが二歩目が止まる」意。恐怖や慎重さからの躊躇。
83,3. 葛藤・戸惑い・もどかしさ,尻込みする,しりごみする,中,恐れたり圧倒されたりして、後退りすること。ためらうこと。,大勢の観客の前でスピーチをする役に指名され、不安から辞退しようとする場面。,積極性を失い、恐怖や気後れから身を引こうとする態度・心情。
84,3. 葛藤・戸惑い・もどかしさ,たじろぐ,たじろぐ,高,相手の気迫や予期せぬ出来事に圧倒され、ひるむこと。,穏やかだった祖父が、主人公の軽率な嘘に対して雷のような怒声を放った場面。,相手の強大な力や予期せぬ衝撃に対し、精神的・身体的に圧倒されて怯むこと。
85,3. 葛藤・戸惑い・もどかしさ,戸惑う,とまどう,並,どうしてよいか分からず、まごまごすること。迷うこと。,今まで冷淡だったクラスメイトから、急に親しげに話しかけられて真意が読めない場面。,予想外の事態に直面し、「状況の解釈や対応の仕方が定まらない」困惑。
86,3. 葛藤・戸惑い・もどかしさ,途方に暮れる,とほうにくれる,中,手段や方法を見失い、どうしてよいか全く分からなくなること。,知らない街で財布を落とし、日も暮れて連絡手段も尽きてしまった場面。,単なる迷いではなく、「打つ手（方策）が完全に尽きて絶望的に立ち尽くす」心理。
87,3. 葛藤・戸惑い・もどかしさ,板挟み,いたばさみ,中,対立する二者の間に立ち、どちらにも味方できず苦しむこと。,母と祖母の意見の対立の間に立たされ、どちらの味方をしても角が立つ場面。,人間関係における典型的な葛藤シチュエーション。
88,3. 葛藤・戸惑い・もどかしさ,自問自答,じもんじとう,中,自分の心の中で問いを投げかけ、自分でそれに答えようと深く悩むこと。,「自分は本当に医者になりたいのか、それとも親を喜ばせたいだけなのか」と自省する場面。,内面的成長を描く独白シーンで頻出。他者ではなく自分自身と向き合う苦悩。
89,3. 葛藤・戸惑い・もどかしさ,首をかしげる,くびをかしげる,並,不思議に思う。疑問や不審を抱くこと。,練習では一度もミスをしなかった友人が、本番で不可解なオウンゴールをした場面。,動作を通じて「完全には納得・理解できない疑念や違和感」を表現する慣用句。
90,3. 葛藤・戸惑い・もどかしさ,煮え切らない,にえきらない,中,態度や意見がはっきりせず、ぐずぐずしている様子。,どちらのグループに所属するか尋ねられているのに、曖昧な返答を繰り返す場面。,他者から見た「優柔不断さ」に対するもどかしさの文脈で頻出。
91,3. 葛藤・戸惑い・もどかしさ,口をつぐむ,くちをつぐむ,中,言いたいことや知っていることがあるのに、黙って話さないこと。,犯人を知っているが、告げることで生じる友情の崩壊を恐れて沈黙を守る場面。,単に静かなのではなく、「強い意志や葛藤のもとで言葉を飲み込む」動作表現。
92,3. 葛藤・戸惑い・もどかしさ,言い淀む,いいよどむ,高,言葉がすらすらと出ず、口ごもること。,相手を傷つけるかもしれない事実を伝える際、最初の一言が喉につかえる場面。,言葉に詰まる身体反応を通じて、相手への配慮や自己の迷いを象徴する。
93,3. 葛藤・戸惑い・もどかしさ,心が揺れる,こころがゆれる,並,決意がぐらつき、迷いが生じること。,志望校を変えないと決めていたが、恩師から別の道を提案されて気持ちが傾く場面。,安定していた心情が、新たな出来事によって不安定になり葛藤する様。
94,3. 葛藤・戸惑い・もどかしさ,踏ん切りがつかない,ふんぎりがつかない,中,あれこれ迷って、最終的な決断や思い切りが下せないこと。,愛着のある古いバイオリンを手放して新しい楽器に移る決意が、どうしても固まらない場面。,未練や不安が邪魔をして、最後の決断に踏み切れないもどかしい心理。
95,3. 葛藤・戸惑い・もどかしさ,気が進まない,きがすすまない,並,気乗りがせず、積極的に行動する意欲が湧かないこと。,乗り気になれない遊びの誘いを受け、断る理由を探しながらため息をつく場面。,「拒絶」まではいかないが、「内心では行きたくない・やりたくないという消極的な心理」。選択肢頻出。
96,3. 葛藤・戸惑い・もどかしさ,気が重い,きがおもい,並,先の義務や困難な出来事を予想して心が沈み、憂鬱になること。,明日の朝一番に苦手な面談が控えており、前夜から胸が締め付けられるように沈み込む場面。,単なる悲哀ではなく、「未来に待ち受ける重圧や困難に対する精神的プレッシャー・憂鬱」。
97,3. 葛藤・戸惑い・もどかしさ,後ろ髪を引かれる,うしろがみをひかれる,中,未練や心残りがして、その場を立ち去ったり決断したりしきれないこと。,仲間たちを残して一人だけ安全な場所へ避難する際、何度も振り返り足が進まない場面。,「立ち去らなければならない義務」と「残りたい未練・名残惜しさ」の葛藤を表す最重要慣用句。
98,3. 葛藤・戸惑い・もどかしさ,開き直る,ひらきなおる,並,追い詰められて急に態度を変え、居直ってふてぶてしく強気になること。,嘘を追及されて言い逃れができなくなり、「どうせ私がやったわよ、何が悪いの」と反発する場面。,心理の劇的な反転。「反省」ではなく「自己保身やプライドのために逆に攻撃的になる」防衛機制。
99,3. 葛藤・戸惑い・もどかしさ,思いあぐねる,おもいあぐねる,高,どうすればよいかあれこれ考え続けても、良策が浮かばず迷い疲れること。,二人の親友の対立をどう仲裁すべきか、夜通し考えても結論が出ない場面。,「考える」の深化形。「迷いと無力感の中で思考が堂々巡りしている」苦悩。
100,3. 葛藤・戸惑い・もどかしさ,頭を抱える,あたまをかかえる,並,どう対処・解決してよいか分からず困り果てる様子。,予算も時間も足りない中で文化祭の出し物を完成させねばならず、机に突っ伏す場面。,困惑・絶望の身体表現。「打つ手が見出せず途方に暮れる」心理。
101,3. 葛藤・戸惑い・もどかしさ,手をこまねく,てをこまねく,高,手を出さず、なすすべもなくただ傍観していること。,目の前で大切な試合が崩壊していくのを、ベンチから何もできずに見守るしかない場面。,「怠惰」ではなく、「事態の急速な悪化に対して自分の無力さゆえに介入できない」もどかしさ。
102,3. 葛藤・戸惑い・もどかしさ,うわの空,うわのそら,並,心配事や他のことに心を奪われて、目の前のことに集中できない状態。,授業中、放課後に控えた手術の結果が気になり、先生の声が遠くの雑音のように聞こえる場面。,単なる居眠りやサボりではなく、「強い懸念・期待によって意識が別の時空に飛んでいる」心理。
103,4. 怒り・不満・反発,憤慨,ふんがい,高,ひどく腹を立てること。激しい怒り。,身勝手な理由で約束を破った上、悪びれもせず他人のせいにする友人の態度を見る場面。,幼い「怒り」ではなく、「不正や無責任さに対する道義的な強い怒り」。
104,4. 怒り・不満・反発,憤る,いきどおる,中,理不尽なことや不正に対して、激しく怒り恨むこと。,努力した者が報われず、不正をした者が評価される理不尽な選考結果を知った場面。,個人的な我が儘ではなく、「正義感に基づく社会や他者への深い憤り」。
105,4. 怒り・不満・反発,業腹,ごうはら,高,非常に腹が立つこと。たまらなく悔しく不快なこと。,散々侮辱された挙げ句、力関係のせいで一言も反論できず見下された場面。,怒りと「無力感・悔しさ」が激しく混ざり合い、腹の底で煮え滾る感情。
106,4. 怒り・不満・反発,やり場のない,やりばのない,中,感情（怒りや悲しみ）を向ける相手や出口がなく、どうしようもないこと。,不慮の事故で大会が中止になり、誰を責めることもできず拳を握りしめる場面。,特定の対象にぶつけられないため、内側に鬱積していく空虚な怒り。
107,4. 怒り・不満・反発,心外,しんがい,高,自分の思いとは全く違っていて、非常に不満で納得がいかないこと。,仲間を助けようとした善意の行動を、先生から「不正の手助け」と決めつけられた場面。,単なるショックではなく、「不当な誤解や低評価に対する強い抗議の念」。
108,4. 怒り・不満・反発,腹に据えかねる,はらにすえかねる,高,怒りを心の中に抑えつけることができなくなること。,何度も繰り返される陰湿な嫌がらせに対し、ついに堪忍袋の緒が切れる場面。,「我慢の限界を超えて爆発寸前になる」怒りの臨界点を示す慣用句。
109,4. 怒り・不満・反発,腹立たしい,はらだたしい,並,怒りを感じて不愉快であること。いらいらすること。,静かに読書をしたいのに、隣で意図的に大きな物音を立て続けられる場面。,激怒というよりは、持続的・神経に障るような不快感を伴う怒り。
110,4. 怒り・不満・反発,苦々しい,にがにがしい,中,非常に不愉快で、見聞きするのが嫌な気分であること。,勝ち誇って敗者を侮辱しているチームメイトの浅ましい姿を、横で見せつけられる場面。,怒りというより、「胸が悪くなるような不快感・嫌悪感」。
111,4. 怒り・不満・反発,忌々しい,いまいましい,中,非常に腹立たしく、癪に障る様子。,あと一歩のところでいつも邪魔に入り、計画を台無しにする宿敵の顔を思い浮かべる場面。,相手や事態を呪わしく思い、憎々しく感じる強い反発心。
112,4. 怒り・不満・反発,虫の居所が悪い,むしのいどころがわるい,中,機嫌が悪く、ちょっとしたことにも怒りやすい状態であること。,朝から嫌なことが重なり、家族の何気ない挨拶に対してもトゲのある言葉を返す場面。,一時的な気分の偏りによって、普段なら流せることにも過敏に苛立つ心理。
113,4. 怒り・不満・反発,癪に障る,しゃくにさわる,中,物事が気に入らなくて腹が立つこと。癇に障ること。,実力もないのに要領だけで世渡りし、自分をからかってくる同級生の態度を見る場面。,自尊心をチクチクと刺激され、不快感と怒りが湧き上がってくる状態。
114,4. 怒り・不満・反発,癇に障る,かんにさわる,中,ちょっとした言動が気に障って、いらだたしく腹が立つこと。,集中して勉強している最中に、隣の席でペンをカチカチ鳴らし続ける音を聞く場面。,神経が過敏になり、特定の刺激に対して我慢がならないいらだち。
115,4. 怒り・不満・反発,業を煮やす,ごうをにやす,高,思うように事が運ばず、いらいらして怒ること。,何度説明しても要領を得ない相手の態度に、ついに冷静さを失って語気を荒らげる場面。,相手の鈍さや事態の遅滞に対して「我慢しきれず怒りを表に出す」こと。
116,4. 怒り・不満・反発,唇をかむ,くちびるをかむ,中,悔しさや怒りを必死に堪えること。,不当な判定で敗北が決まった瞬間、審判の前で抗議の声を押し殺す場面。,感情を爆発させるのではなく、「激しい情動を意志の力で封じ込める」身体表現。
117,4. 怒り・不満・反発,歯ぎしりする,はぎしりする,中,悔しさや激しい怒りのあまり、奥歯を強く噛み合わせること。,ライバルに卑怯な手を使われて先を越され、自室でベッドのシーツを握りしめる場面。,無念さや強烈な悔しさを伴う怒りの身体的反応。
118,4. 怒り・不満・反発,反発,はんぱつ,並,他人の意見や力による支配に対して、反抗し従わないこと。,親から「勉強だけしていればいい」と一方的に決めつけられ、部屋に閉じこもる場面。,上からの押し付けに対する、自我の防衛からくる抵抗の心理。
119,4. 怒り・不満・反発,憤激,ふんげき,高,激しく腹を立てること。怒りで興奮すること。,長年守ってきた秘密の隠れ家を、心無い落書きで破壊されたのを発見した場面。,「憤慨」よりもさらに感情の爆発度合いが激しい状態。
120,4. 怒り・不満・反発,眉をひそめる,まゆをひそめる,中,不快に思ったり、心配したりして顔をしかめること。,公共の場で大声を上げて暴れる若者たちのマナーの悪さを、静かに見つめる場面。,怒りを露わに怒鳴るのではなく、「品性を疑うような行いに対する静かな拒絶・不快感」。
121,4. 怒り・不満・反発,憮然,ぶぜん,高,失望・落胆してどうすることもできない様子。また、腹を立てて不満そうな様子。,注意されたことに対して納得がいかず、不服そうに黙り込んでそっぽを向く場面。,【最重要誤用注意語】本来は「失望して呆然とする様」だが、入試では「不満げにムッとする様」の文脈でも頻出。
122,4. 怒り・不満・反発,猜疑心,さいぎしん,高,他人を疑い、何か裏があるのではないかと警戒する心。,以前裏切られた経験から、親切にしてくれるクラスメイトの言葉を素直に信じられない場面。,不満や恐怖から発展し、「他者を悪意あるものと決めつけて警戒する」暗い感情。
123,4. 怒り・不満・反発,口を尖らせる,くちをとがらせる,並,不満や反抗の気持ちを表情に表すこと。すねること。,母親からの正論の注意に対し、言い返せないものの納得できず横を向く場面。,子ども特有の「すね・納得のいかなさ」を視覚的に描写する表現。
124,4. 怒り・不満・反発,噛みつく,かみつく,並,激しい勢いで反論したり、食ってかかったりすること。,心配して声をかけてくれただけの友人に対し、「放っておいてくれ」と怒鳴る場面。,苛立ちや追い詰められた心理から、他者に攻撃的な態度をとること。
125,4. 怒り・不満・反発,鼻につく,はなにつく,中,言動や態度が鬱陶しく、嫌味で不快に感じられること。,自分がどれほど裕福であるかを、遠回しに自慢してくる級友の話を聞かされる場面。,強い怒りというよりは、「生理的な不快感・鼻持ちならない嫌悪感」。
126,4. 怒り・不満・反発,怒髪天を衝く,どはつてんをつく,高,激しい怒りのために、髪の毛が逆立ち天を突き刺すほどであること。,最も信頼していたパートナーが、敵と通じて全員を裏切っていたと知った瞬間。,怒りの度合いが極大であることを示す故事成語的表現。
127,4. 怒り・不満・反発,面白くない,おもしろくない,並,気に入らなくて不愉快である。満足できず不満であること。,自分より下手だった後輩が、監督から先にレギュラーに指名されて面白くない場面。,退屈（not interesting）ではなく、「プライドを傷つけられ不機嫌になる」心理。
128,4. 怒り・不満・反発,毒づく,どくづく,高,悪口や恨み言を並べ立てて、怒りや不満をぶつけること。,誰も助けてくれない雨の中、びしょ濡れで自転車を漕ぎながら一人悪態をつく場面。,鬱屈した不満を吐き出す言語行動。「悪態をつく」と同義。
129,4. 怒り・不満・反発,うんざりする,うんざりする,並,嫌なことが繰り返されたり長く続いたりして、嫌気が差し飽き飽きすること。,母親から毎日同じ小言を何時間も聞かされ、耳を塞ぎたい衝動に駆られる場面。,激しい怒りではなく、「度重なるストレスによる精神的疲労と強い拒絶反応」。
130,4. 怒り・不満・反発,煩わしい,わずらわしい,中,手間がかかったり人間関係が複雑だったりして、面倒で気が重く不快なさま。,周囲の顔色を伺いながら本音を隠して付き合わねばならないクラスの空気を嫌悪する場面。,単なる「面倒」ではなく、「精神的拘束から逃れて自由になりたい」苛立ち。
131,4. 怒り・不満・反発,恨めしい,うらめしい,中,相手の無情な仕打ちや理不尽な事態に対し、恨みに思い憎らしく感じる気持ち。,待ちに待った遠足の朝、無情にも土砂降りの雨が降り注ぐ空を睨みつける場面。,人間だけでなく「天候や運命」に対しても向けられる、悲哀を含んだ不満・抗議の念。
132,4. 怒り・不満・反発,呆れる,あきれる,並,あまりの非常識さや身勝手さ、度外れな行動に驚きあきれ果てること。,散々他人に迷惑をかけておきながら、自分の手柄のように自慢する友人の無神経さを見る場面。,「怒り」を通り越して「常識の通じなさに言葉を失い、相手にする気も失せる」感情。
133,4. 怒り・不満・反発,ふくれっ面,ふくれっつら,並,不満やすねた気持ちを露わにして、頬を膨らませた不機嫌な表情。,兄ばかりを贔屓する親の言葉に納得がいかず、口を結んでそっぽを向く子どもの場面。,子ども特有の感情表出。「言葉で論理的に反論できない悔しさ」の身体的記号。
134,4. 怒り・不満・反発,顔をしかめる,かおをしかめる,並,不快感、苦痛、嫌悪感から眉間にしわを寄せ顔を歪める身体表現。,他人の陰口で盛り上がっているグループの会話が耳に入り、思わず表情を曇らせる場面。,身体表現。「道義的な嫌悪感や生理的な不快さ」を外見で示す重要慣用句。
135,4. 怒り・不満・反発,憤懣やるかたない,ふんまんやるかたない,高,腹の底に鬱積した激しい怒りや不満をぶつける先がなく、やりきれないさま。,明らかな誤審で敗北したにもかかわらず、規約によって一切の抗議が認められない場面。,最上位校必須語。「憤懣（怒り）」＋「やるかたない（晴らしようがない）」の構造。
136,4. 怒り・不満・反発,煮え湯を飲まされる,にえゆをのまされる,高,最も信頼していた身近な相手から、手ひどい裏切りや打撃を受けること。,自分の研究ノートを預けていた共同研究者が、それを勝手に自分の名前で発表した場面。,単なる敗北ではなく、「信じていたからこその裏切りのショックと激しい憤怒」。
137,5. 不安・恐れ・動揺,おののく,おののく,高,恐怖や不安、寒さのために体が震えること。恐れること。,夜の山奥で迷子になり、遠くから獣の遠吠えが聞こえて闇に震える場面。,単なる寒さではなく、「逃れられない圧倒的な脅威に対する精神的恐怖」。
138,5. 不安・恐れ・動揺,怯える,おびえる,並,恐ろしさにビクビクすること。恐怖を感じること。,いつ怒鳴り散らすか分からない気難しい父親の足音を聞き、部屋の隅で縮こまる場面。,脅威が迫ってくる予感に対し、過敏に怯懦（きょうだ）になっている心理。
139,5. 不安・恐れ・動揺,固唾をのむ,かたずをのむ,中,事の成り行きを緊張して見守り、息を止めるようにすること。,最終バッターの打球がフェンス際まで高々と上がり、捕球されるか固唾をのむ場面。,不安・緊張・期待が極限に達し、「身体の呼吸すら止まる」瞬間的集中。
140,5. 不安・恐れ・動揺,息をのむ,いきをのむ,中,驚きや恐怖、感動などで思わず息を止めること。,暗闇から突然怪しい人影が目の前に現れ、恐怖のあまり立ちすくむ場面。,驚きの生理反応。恐怖だけでなく「息をのむ美しさ（感動）」にも使われる。
141,5. 不安・恐れ・動揺,胸騒ぎ,むなさわぎ,中,不吉なことが起こりそうだと、心がざわつくこと。,留守番中、遠くでけたたましい消防車のサイレンが鳴り止まず、落ち着かない場面。,根拠のない直感的な不安。「虫の報せ」的な不気味さを指す。
142,5. 不安・恐れ・動揺,案じる,あんじる,中,心配する。気遣うこと。,吹雪の中、予定の時間を過ぎても下山してこない兄たちの安否を心配する場面。,自分の恐怖ではなく、「他者の無事や事態の先行きを気遣う」利他的な不安。
143,5. 不安・恐れ・動揺,心もとない,こころもとない,中,頼りなく不安である。事の成り行きが心配であること。,わずかな小銭と古い懐中電灯だけを渡され、夜の見回りを任された場面。,自身の能力や装備、支えが不十分で「頼りがいがなく心細い」状態。
144,5. 不安・恐れ・動揺,焦燥感,しょうそうかん,高,思うように事が進まず、焦っていらだつ気持ち。,試験終了のチャイムまであと五分なのに、記述問題が白紙のままでペンが震える場面。,単なる不安ではなく、「時間的切迫や無力さから生じるイライラした焦り」。
145,5. 不安・恐れ・動揺,気をもむ,きをもむ,中,あれこれと心配して、落ち着かない気持ちでいること。,体調不良の主将が出場できるかどうか、診断結果の連絡を控室で待ち続ける場面。,結果が出るまでの間、「気を揉みほぐすように絶えずヤキモキする」持続的不安。
146,5. 不安・恐れ・動揺,気が気でない,きがきでない,中,心配でたまらず、心が落ち着かないこと。,自分が隠した壊れた花瓶を、母親が掃除しながら片付けようとしている場面。,露見や破滅の危機が目の前に迫り、「正気を保っていられないほどの極度の動揺」。
147,5. 不安・恐れ・動揺,うろたえる,うろたえる,中,予期しない出来事に直面し、どうしてよいか分からず取り乱すこと。,隠していた秘密のノートを目の前で広げられ、頭が真っ白になって言い訳を探す場面。,心の準備がない状態でのパニック。行動や言動がしどろもどろになる様。
148,5. 不安・恐れ・動揺,動揺,どうよう,並,心が激しく揺れ動くこと。落ち着きを失うこと。,親友から「お前の嘘を全部知っている」と突然告げられ、平静を装えない場面。,心理の平静が破られること全般を指す基本概念語。選択肢の頻出ワード。
149,5. 不安・恐れ・動揺,狼狽,ろうばい,高,不意の出来事に慌てふためいて、適切な判断を失うこと。,カバンの中にあったはずの預かり金が見当たらず、中身を床にぶちまけて探す場面。,「うろたえる」の漢語表現。冷静さを完全に失って狂乱する度合いが高い。
150,5. 不安・恐れ・動揺,茫然自失,ぼうぜんじしつ,高,我を忘れてぼんやりすること。大きなショックで気が抜けること。,全てを賭けて挑んだ最後の試合で惨敗し、スコアボードを見つめたまま動けない場面。,悲しみや驚愕のあまり、「意識や気力が一時的に抜け殻のようになる」こと。
151,5. 不安・恐れ・動揺,呆然とする,ぼうぜんとする,中,驚きや呆れ、ショックのために、口を開けたまま何も考えられない様子。,目の前で大切な模型が床に落ちて粉々に砕け散り、声も出せずに立ち尽くす場面。,思考停止状態を表す。「憮然（怒り・不満）」との混同に厳重警戒。
152,5. 不安・恐れ・動揺,慄然とする,りつぜんとする,高,恐ろしさに身の毛がよだつさま。ぞっとすること。,自分がふざけて置いた石のせいで、あわや大列車事故が起きるところだったと知った場面。,自身の犯した罪の重さや事態の深刻さに気づいた瞬間の「凍りつくような恐怖」。
153,5. 不安・恐れ・動揺,鳥肌が立つ,とりはだがたつ,並,恐怖、寒さ、あるいは強い感動のために、皮膚にぶつぶつができること。,深夜の誰もいないはずの理科室から、ピアノの音がコツコツと響いてきた場面。,生理現象を通じた感情描写。文脈によって「恐怖」か「感動」かを見分ける。
154,5. 不安・恐れ・動揺,肝を冷やす,きもをひやす,中,驚きや恐怖で、ひやりとすること。危ない目に遭ってぞっとすること。,飛び出してきた車と自転車がすれすれで交差し、間一髪で衝突を免れた場面。,危機一髪の場面を回避した直後の「冷や汗が出るような恐怖と安堵の交錯」。
155,5. 不安・恐れ・動揺,息を殺す,いきをころす,中,息の音も立てないようにして、じっと静かにしていること。,鬼ごっこの最中、すぐ目の前を探している鬼に見つからないよう物陰に潜む場面。,隠蔽や警戒のための意図的な沈黙。「息をのむ（受動的驚愕）」との違いに注意。
156,5. 不安・恐れ・動揺,薄氷を踏む思い,はくひょうをふむおもい,高,非常に危険な状態に臨んで、恐る恐る事を行うような不安で危うい気持ち。,嘘がいつバレるか分からない状況で、綱渡りのようなアリバイ工作を続ける場面。,いつ割れるか分からない薄い氷の上を歩くような「持続的・極限の緊張感」。
157,5. 不安・恐れ・動揺,疑心暗鬼,ぎしんあんき,高,疑う心があると、何でもないものまで恐ろしく見えてくること。,クラスで盗難が起き、誰もが隣の席の友人を疑いの目で見て関係が冷え込む場面。,心の弱さが生み出す根拠のない恐怖・不信感。故事成語としても頻出。
158,5. 不安・恐れ・動揺,杞憂,きゆう,高,余計な心配。取り越し苦労のこと。,「もし明日地球が滅びたらどうしよう」と悩んでいたが、何事もなく朝を迎えた場面。,故事成語。「心配したが、結果的に無駄な取り越し苦労に終わった」文脈で使用。
159,5. 不安・恐れ・動揺,おろおろする,おろおろする,並,どうしてよいか分からず、うろたえ取り乱す様子。,妹が突然高熱を出して倒れ、両親も不在の中でどう対処すればいいか迷う場面。,知識や経験のなさから「右往左往して冷静さを欠く」幼い対応を示す。
160,5. 不安・恐れ・動揺,身を縮める,みをちぢめる,並,恐怖や寒さ、恐縮のために、体を小さく丸めること。,雷が激しく鳴り響く中、毛布を頭からかぶって部屋の片隅で震えている場面。,恐怖から自己を防衛しようとする本能的な身体反応の描写。
161,5. 不安・恐れ・動揺,目を白黒させる,めをしろくろさせる,中,予想外の事態に驚き慌てて、どうしてよいか分からなくなる様子。,突然外国人に英語でまくし立てられ、助けを求めて視線を泳がせる場面。,動揺のあまり平静な判断力を失っている滑稽味やパニックを表す慣用句。
162,5. 不安・恐れ・動揺,針の筵,はりのむしろ,高,周囲の非難や視線が突き刺さり、その場にいるのが極めて辛く苦痛な状態。,カンニングが露見した後、教室中の冷ややかな視線を浴びながら授業を受ける場面。,恐怖・罪悪感・気まずさが極限化し、精神的に逃げ場がない苛酷な状況。
163,5. 不安・恐れ・動揺,心細い,こころぼそい,並,頼りになるものや助けが周囲になく、一人きりで不安で寂しい気持ち。,初めての一人旅で夕暮れの無人駅に降り立ち、誰の姿も見えない心細さに胸が詰まる場面。,「怖い（恐怖）」ではなく、「支え（拠り所）がないことによる頼りなさと寂しさ」。超頻出。
164,5. 不安・恐れ・動揺,おどおどする,おどおどする,並,不安や恐怖、自信のなさから落ち着かず、ビクビクして挙動不審になる様子。,厳しい試験官の前に座らされ、声が上ずり視線を定まらず手足を震わせる場面。,身体反応・態度描写。「気後れ」が外見的な挙動として顕著に出ている状態。
165,5. 不安・恐れ・動揺,恐る恐る,おそるおそる,並,危険や失敗、叱責を恐れ、警戒しながら慎重に事を行うさま。,怒り狂っている猛犬の横を、起こさないように足音を忍ばせて通り過ぎる場面。,動作を修飾する副詞。「恐怖を抱えながらも行動せざるを得ない」心理状態の描写。
166,5. 不安・恐れ・動揺,気もそぞろ,きもそぞろ,高,他の重大な関心事や心配事に心が奪われ、目の前のことに集中できないこと。,家族の容態の知らせを待つ間、本を開いても文字が全く頭に入ってこない場面。,「うわの空」と同義だが、より「情緒的な動揺や不安によって心が落ち着かない」ニュアンス。
167,5. 不安・恐れ・動揺,いてもたってもいられない,いてもたってもいられない,中,心配や焦燥、強い衝動のあまり、じっとその場に留まっていられない心理。,友人が一人で危険な廃屋に向かったと聞き、制止を振り切って部屋を飛び出す場面。,「いたたまれない（恥・気まずさで逃げたい）」との混同に注意。「焦りから行動を起こさずにいられない」。
168,5. 不安・恐れ・動揺,怯む,ひるむ,中,相手の圧倒的な迫力や危険を前にして、一瞬恐怖を感じ気力がくじけること。,巨漢の相手選手が猛スピードで突進してくるのを見て、思わず足が止まってしまう場面。,「しりごみする（持続的逡巡）」に対し、「ひるむ」は「一瞬の衝撃で気勢を挫かれる」動的心理。
169,5. 不安・恐れ・動揺,身構える,みがまえる,並,敵の攻撃や予期せぬ衝撃を警戒して、緊張した姿勢・心の準備をとること。,父親が険しい顔で部屋に入ってきた瞬間、叱責を予期して背筋を硬直させる場面。,身体表現。「危険を察知して自己を防衛しようとする緊張状態」を象徴。
170,5. 不安・恐れ・動揺,肝をつぶす,きもをつぶす,中,あまりの予期せぬ驚きや恐怖に、正気を失うほど激しくびっくりすること。,暗闇の中から突然目の前に巨大な影が飛び出してきて、悲鳴をあげて腰を抜かす場面。,「肝を冷やす（事後の安堵混じりの冷汗）」と異なり、「その瞬間の極限の驚愕と恐怖」。
171,6. 哀しみ・喪失感・後悔,ほぞをかむ,ほぞをかむ,高,どうにもならないことを、後から深く悔やむこと。後悔すること。,あの時素直に謝っていれば親友を失わずに済んだのに、と卒業後に独り悔恨する場面。,「臍（へそ）を噛もうとしても届かない」ことから。取り返しのつかない強い後悔。
172,6. 哀しみ・喪失感・後悔,打ちひしがれる,うちひしがれる,高,激しい打撃や深い悲しみのために、気力を完全に失い立ち直れなくなること。,長年連れ添った愛犬が亡くなり、食事も喉を通らず暗い部屋でうずくまる場面。,単なる落ち込みではなく、「精神的骨折とでも言うべき再起不能な精神状態」。
173,6. 哀しみ・喪失感・後悔,感傷,かんしょう,高,感情を動かされ、涙もろくなったり物悲しくなったりすること（センチメンタル）。,引っ越し前夜、空っぽになった自分の部屋を見渡し、思い出に浸って涙ぐむ場面。,絶望的な悲しみではなく、「過去の美しさを懐かしむ、甘美さを帯びた物悲しさ」。
174,6. 哀しみ・喪失感・後悔,諦念,ていねん,高,道理を悟って諦めること。どうにもならない現実を静かに受け入れる心。,難病で走れなくなった元陸上選手が、車椅子から後輩たちの走りを穏やかに見つめる場面。,単なる「投げやりな諦め」ではなく、「真理を悟った上での静かな境地」を示す最難関語。
175,6. 哀しみ・喪失感・後悔,やるせない,やるせない,高,思いを晴らす方法がなく、切なくて苦しいこと。胸が締め付けられる思い。,努力を重ねてきた病弱な友人が、当日の体調不良で受験すらできなかったと知る場面。,怒りや悲しみの持って行き場がなく、「胸の奥が重く鬱屈して晴れない」辛さ。
176,6. 哀しみ・喪失感・後悔,切ない,せつない,中,胸が締め付けられるように悲しく、やるせない気持ち。恋しさや寂しさ。,夕暮れ時、遠くへ転校してしまう親友の乗った電車を一人で見送る場面。,「悲しい」と混同しやすいが、「愛着や名残惜しさがあるからこそ胸が痛む」心理。
177,6. 哀しみ・喪失感・後悔,虚しい,むなしい,中,空っぽで中身がない。甲斐がない。無駄に思えてやりきれないこと。,一生懸命に作った砂の城が、一瞬の高波で跡形もなく流されてしまった場面。,努力と結果が結びつかず、「すべてが無意味に思えて心が空洞化する」感覚。
178,6. 哀しみ・喪失感・後悔,喪失感,そうしつかん,中,大切なものを失ったことによって生じる、心にぽっかり穴が開いたような寂しさ。,いつも厳しく指導してくれた祖父が亡くなり、道標を失って放心する場面。,「悲しみ」の一歩先にある、「自己の一部が欠落してしまったような空虚感」。
179,6. 哀しみ・喪失感・後悔,哀愁,あいしゅう,高,なんとなく悲しい気持ち。寂しく物悲しい風情。,秋の枯葉が舞い散る公園のベンチで、一人背中を丸めて座る老人の後ろ姿を見る場面。,主人公の内面だけでなく、情景や人物の醸し出す「物悲しい哀愁」として出題。
180,6. 哀しみ・喪失感・後悔,痛恨,つうこん,高,取り返しのつかない過ちなどを、骨身に染みて非常に悔やむこと。,決勝戦の最終回、自分のたった一つの送球ミスでサヨナラ負けを喫した場面。,「痛恨の極み」。単なる後悔を超えた、「一生消えない傷のような深い悔悟」。
181,6. 哀しみ・喪失感・後悔,悔恨,かいこん,高,自分の過去の過ちを悔やみ、残念に思うこと。,若い頃に母に投げつけた冷たい言葉を、母の遺品を整理しながら思い出す場面。,「後悔」の改まった表現。大人びた回想シーンにおいて頻出する重要語。
182,6. 哀しみ・喪失感・後悔,意気消沈,いきしょうちん,中,気力が衰えて、すっかり元気をなくしてしまうこと。,レギュラーから外されたショックで、放課後の自主練習にも顔を出さず帰宅する場面。,「肩を落とす」などの動作と連動する、気力の完全な喪失状態を表す四字熟語。
183,6. 哀しみ・喪失感・後悔,悄然とする,しょうぜんとする,高,元気がなく、しょげている様子。悲しみに沈んでいるさま。,厳しい叱責を受けた後、誰とも口をきかずにトボトボと一人で廊下を歩く場面。,「悄然とした後ろ姿」のように、外見に滲み出る落胆の様子を描く副詞的表現。
184,6. 哀しみ・喪失感・後悔,肩を落とす,かたをおとす,並,落胆して、がっかりすること。,合格発表の掲示板に自分の番号がないのを確認し、深くため息をつく場面。,身体の姿勢で「期待が裏切られた時の失望・落胆」を象徴する基本慣用句。
185,6. 哀しみ・喪失感・後悔,胸を痛める,むねをいためる,並,心配したり、悲しんだりして心を苦しめること。,被災地で家族を探し続ける人々のニュース映像を、テレビの前で祈るように見つめる場面。,他者の不幸や悲惨な現実に共感し、「自分の心までもが痛烈に痛む」同情と悲しみ。
186,6. 哀しみ・喪失感・後悔,涙を呑む,なみだをのむ,中,悔しさや悲しさを必死にこらえて耐えること。,実力は互角だったが、抽選という不条理なルールで敗退を受け入れざるを得ない場面。,泣き叫ぶのではなく、「不本意な結果を歯を食いしばって甘受する」成熟した態度。
187,6. 哀しみ・喪失感・後悔,未練,みれん,中,諦めきれず、心残りで執着する気持ち。,捨てなければならないと分かっているのに、昔の仲間との写真をどうしても捨てられない場面。,過去の栄光や人間関係を断ち切れない「心の引っかかり」。
188,6. 哀しみ・喪失感・後悔,後悔先に立たず,こうかいさきにたたず,中,事の済んだ後に悔やんでも、取り返しがつかないということ。,怒りに任せて絶交を告げてしまった後で、二度と口をきいてくれなくなった親友を想う場面。,ことわざ。記述の「なぜその行動をとったのか」の背景説明で引用される。
189,6. 哀しみ・喪失感・後悔,愁傷,しゅうしょう,高,悲嘆に暮れること。身内の死などを深く悲しむこと。,恩師の葬儀に参列し、遺影の前で涙が止まらない場面（「ご愁傷様」の語源）。,日常語の「気の毒」を超えた、死別などに際して使われる厳粛な哀悼の心情。
190,6. 哀しみ・喪失感・後悔,嘆息,たんそく,高,深いため息をつくこと。失望や悲しみに沈んで嘆くこと。,荒れ果てた故郷の村の変わり果てた姿を目にして、重いため息をつく場面。,生理現象（ため息）を通じて、深い悲嘆や失望の重さを表現する語。
191,6. 哀しみ・喪失感・後悔,悲愴感,ひそうかん,高,悲壮で胸が締め付けられるような、痛々しい雰囲気や気持ち。,負ければ全員引退となる試合を前に、全員が鬼気迫る表情でグラウンドに立つ場面。,「悲哀」と「覚悟（悲壮な決意）」が融合した、極めて緊張度の高い感情。
192,6. 哀しみ・喪失感・後悔,身を切られるよう,みをきられるよう,高,寒さや悲しみ、辛さが骨身に染みるほど激しいこと。,長年守ってきた店を自らの代で畳む契約書に判を押す瞬間の、断腸の苦しみ。,肉体的な激痛に匹敵するほどの「精神的ショック・悲哀」を比喩した表現。
193,6. 哀しみ・喪失感・後悔,断腸の思い,だんちょうのおもい,高,はらわた（腸）がちぎれるほど、耐え難く悲しい思い。,飢饉の中で、泣く泣く子どもを他家に養子に出さざるを得ない親の別れの場面。,故事成語由来。選択肢の「これ以上ない究極の悲しみ・苦渋の決断」を表す。
194,6. 哀しみ・喪失感・後悔,目頭が熱くなる,めがしらがあつくなる,中,感動や悲しみ、悔しさのために涙が出そうになること。,寡黙だった父が、自分の旅立ちの日にそっと応援の手紙を握らせてくれた場面。,涙がこぼれ落ちる直前の生理反応。悲哀だけでなく「感謝・感動」の文脈でも頻出。
195,6. 哀しみ・喪失感・後悔,放心,ほうしん,高,心を奪われてぼんやりすること。気力を失い気が抜けること。,全ての力を出し切ったコンクールの演奏直後、拍手も耳に入らず鍵盤を見つめる場面。,激しい情動の後に訪れる「心神喪失・無の境地」。茫然自失に近い。
196,6. 哀しみ・喪失感・後悔,哀惜,あいせき,高,人の死や別れを、深く悲しみ惜しむこと。,類まれな才能を持ちながら若くして散ったライバルの死を、墓前で悼む場面。,単に悲しむだけでなく、「その存在の価値の大きさを惜しんで嘆く」感情。
197,6. 哀しみ・喪失感・後悔,失望,しつぼう,並,期待していたことが外れてがっかりし、希望を失うこと。,信頼していた指導者が、勝利のために不正を指示してきたことを知った瞬間の場面。,単なる「悲しみ」ではなく、「期待と現実の落差から生じる精神的幻滅と落胆」。
198,6. 哀しみ・喪失感・後悔,絶望,ぜつぼう,並,すべての希望が断たれ、もはや何の救いも解決策もないと感じる極限の心理。,孤立無援の雪山で通信機器が完全に故障し、吹雪の中に一人取り残された場面。,感情の極大値。「失望」の先にある「未来に対する完全な光の喪失」。
199,6. 哀しみ・喪失感・後悔,自責の念,じせきのねん,中,自分の過ちや至らなさが原因で起きた事態に対し、自らを激しく責め苛む気持ち。,自分が秘密を漏らしたせいで親友が退学に追い込まれ、一人後悔の涙に暮れる場面。,最難関校記述の最重要キーワード。「後悔」の中でも「道義的な罪の意識を自分に向ける」感情。
200,6. 哀しみ・喪失感・後悔,胸が詰まる,むねがつまる,中,深い悲しみ、苦痛、あるいは感謝や感動によって胸がいっぱいになり、声が出なくなること。,貧しい中で自分のために学費を工面してくれた親の荒れた手を見た瞬間。,身体反応。「言葉にできないほどの激しい情動の鬱積」を描写する慣用句。
201,6. 哀しみ・喪失感・後悔,嘆く,なげく,中,不幸や悲惨な出来事を深く悲しみ、ため息をついたり嘆きの声を漏らしたりすること。,長年守ってきた伝統が、時代の流れとともに失われていく現実を前に老人が嘆息する場面。,心情の言語的・身体的表出。「悲しみを外に向けて深く表現する」動作・心理。
202,6. 哀しみ・喪失感・後悔,痛ましい,いたましい,中,あまりにも気の毒で悲惨であり、見ていられないほど胸が締め付けられるさま。,災害で家を失い、冷たい体育館の片隅で身を寄せ合う被災者の姿を見つめる場面。,自己の感情ではなく、「他者の惨状に触れて湧き上がる強い同情と悲哀」を表す形容詞。
203,6. 哀しみ・喪失感・後悔,孤独感,こどくかん,並,周囲に大勢の人がいても自分を理解してくれる者がおらず、一人ぼっちだと感じる寂しさ。,賑やかな教室の中で誰とも会話が噛み合わず、世界から自分一人だけが切り離されたように感じる場面。,物理的孤立だけでなく、「集団の中での精神的孤立（疎外感）」を表現する抽象概念語。
204,6. 哀しみ・喪失感・後悔,涙に暮れる,なみだにくれる,中,深い悲しみや痛恨のために、幾日も涙を流し続けて過ごすこと。,かけがえのない肉親との死別の後、思い出の品を抱きしめたまま朝を迎える場面。,一時的な号泣ではなく、「持続的・生活全体を覆うような深い悲哀の沈潜」。
205,7. 他者への心情（羨望・嫉妬・同情・敬意など）,羨望,せんぼう,高,他人の優れた点や恵まれた境遇を、うらやましく思うこと。,誰からも好かれ、勉強もスポーツも完璧にこなす転校生を遠くから見つめる場面。,「あこがれ」に近い前向きなニュアンスを含む。「嫉妬」のような害意は薄い。
206,7. 他者への心情（羨望・嫉妬・同情・敬意など）,妬ましい,ねたましい,並,他人の長所や幸運がうらやましくて、憎らしく悔しい気持ち。,いつも自分より順位が下だった友人が、自分を追い抜いて表彰台に立った場面。,羨望の裏返しとして生じる「相手を引きずり下ろしたいようなドロドロとした敵意」。
207,7. 他者への心情（羨望・嫉妬・同情・敬意など）,嫉妬,しっと,並,自分より優れている者を妬み恨むこと。やきもち。,親友が新しくできた別の友達とばかり楽しそうに話し、自分をのけ者にする場面。,友情や愛情の独占欲から生じる反発。「ジェラシー」の文脈で頻出。
208,7. 他者への心情（羨望・嫉妬・同情・敬意など）,ほだされる,ほだされる,高,情に引きずられて、自分の意志や原則を変えてしまうこと。,厳しく断るつもりだったのに、相手が必死に頭を下げて涙を流す姿を見て許してしまう場面。,「絆される」。理屈では拒絶すべきなのに「情に流されて妥協してしまう」心理。
209,7. 他者への心情（羨望・嫉妬・同情・敬意など）,労る,いたわる,中,弱い立場の人や苦労している人を同情し、大切に優しく接すること。,泥だらけになって働いて帰ってきた母親の肩を、何も言わずに揉んであげる場面。,「甘やかす」のではなく、「相手の労苦を理解し、慈しみの心で報いる」能動的善意。
210,7. 他者への心情（羨望・嫉妬・同情・敬意など）,不憫,ふびん,高,かわいそうで哀れむべき様子。同情すべき境遇。,親を亡くし、小さな体で懸命に弟の面倒を見る幼子の姿を近所の人が見守る場面。,上から目線の軽蔑ではなく、「守ってあげたいという深い同情・哀憐」。
211,7. 他者への心情（羨望・嫉妬・同情・敬意など）,敬遠,けいえん,中,表面上は敬うふりをして、実際には煙たがって遠ざけること。,融通の利かない厳格な学級委員に対し、表立って逆らわずにみんなで距離を置く場面。,「嫌いだから無視する」のではなく、「当たり障りなく距離をとって関わりを避ける」大人の心理。
212,7. 他者への心情（羨望・嫉妬・同情・敬意など）,畏怖,いふ,高,大いなるものや優れた力を恐れ、同時に深く敬うこと。,圧倒的な神木の前に立ったときや、孤高の武道家の気迫に触れて息をのむ場面。,単なる恐怖（スリラー）ではなく、「神聖さや卓越した力量に対する敬意を含んだ恐怖」。
213,7. 他者への心情（羨望・嫉妬・同情・敬意など）,敬意,けいい,中,相手の人格や業績を尊び、敬う気持ち。,負けた相手の健闘を称え、審判の前に進み出て深々と礼をする場面。,精神的に自立した人物が、ライバルや他者に対して抱く清々しいリスペクト。
214,7. 他者への心情（羨望・嫉妬・同情・敬意など）,一目置く,いちもくおく,中,相手の実力が自分より優れていることを認め、敬意を払うこと。,普段はお調子者だが、プログラミングの話になると専門家並みの知識を発揮する友人を認める場面。,囲碁用語由来。「自分と同等以上であると実力を認めて一歩譲る」心理。
215,7. 他者への心情（羨望・嫉妬・同情・敬意など）,頭が下がる,あたまがさがる,中,相手の高潔な行いや努力に感心し、尊敬の念を抱くこと。,毎朝誰よりも早く登校して、一人で黙々と教室のゴミ拾いを続けている友人の姿を見る場面。,身体表現慣用句。「相手の立派さに圧倒され、心から敬服する」こと。
216,7. 他者への心情（羨望・嫉妬・同情・敬意など）,舌を巻く,したをまく,中,あまりの素晴らしさや力量にひどく感心し、驚くこと。,小学生とは思えない圧倒的なバイオリンの超絶技巧を目の当たりにする場面。,驚きと賞賛の合体表現。「呆れる」とは異なり、肯定的評価が100%。
217,7. 他者への心情（羨望・嫉妬・同情・敬意など）,白眼視する,はくがんしする,高,人を冷たい目で見ること。冷淡に扱うこと。,不祥事を起こしたグループのメンバーが、周囲の生徒たちから冷ややかに避けられる場面。,故事成語由来。「相手を軽蔑し、仲間として認めない冷たい拒絶の視線」。
218,7. 他者への心情（羨望・嫉妬・同情・敬意など）,憐憫,れんびん,高,不憫に思うこと。哀れむこと。,捨てられた子犬が雨に打たれて震えているのを見て、胸を締め付けられる場面。,「憐憫の情」。他者の苦痛や不幸に対して湧き上がる純粋な哀憐の情念。
219,7. 他者への心情（羨望・嫉妬・同情・敬意など）,慈しみ,いつくしみ,中,目下の者や弱い者を愛し、大切にする温かい心。,生まれたばかりの小さな妹を抱き上げ、壊れ物を扱うようにそっと撫でる場面。,親が子に注ぐような、あるいは強者が弱者を包み込むような無償の愛の感情。
220,7. 他者への心情（羨望・嫉妬・同情・敬意など）,気兼ね,きがね,中,他人に遠慮して、気を遣うこと。,居候している親戚の家で、夜遅くに物音を立てないよう息を潜めて生活する場面。,「遠慮」の同義語。他者の視線や迷惑を過剰に意識して自由を制限する心理。
221,7. 他者への心情（羨望・嫉妬・同情・敬意など）,疎ましい,うとましい,高,嫌で遠ざけたい気持ちである。煙たくて不快なさま。,何でも先回りして口を出してくる母親の過干渉な態度を、うるさく感じる場面。,嫌悪の感情。「親しい関係であるはずなのに、鬱陶しくて距離を置きたい」心理。
222,7. 他者への心情（羨望・嫉妬・同情・敬意など）,煙たがる,けむたがる,中,窮屈で近づきにくく思うこと。敬遠すること。,正論ばかりを突きつけてくる真面目な副部長を、部員たちが何となく避ける場面。,相手の存在が自分の後ろめたさや自由を脅かすため、「気まずくて避けたい」態度。
223,7. 他者への心情（羨望・嫉妬・同情・敬意など）,軽蔑,けいべつ,中,相手の人格や価値を低く見て、見下げて馬鹿にすること。,自分の失敗を誤魔化すために、幼い後輩に罪をなすりつけた先輩の姿を見る場面。,能力の低さではなく、「卑劣な人間性に対する強い拒絶と見下し」。
224,7. 他者への心情（羨望・嫉妬・同情・敬意など）,見くびる,みくびる,中,相手の実力を大したことがないと甘く見ること。見下げること。,「あんな小さな選手に何ができる」と高をくくっていたら、鋭いドリブルで翻弄される場面。,「侮る」「高をくくる」と同義。相手を過小評価する傲慢な心理。
225,7. 他者への心情（羨望・嫉妬・同情・敬意など）,健気,けなげ,中,幼い者や弱い者が、困難に負けず懸命に努力する様子。殊勝なさま。,入院中の母親を励まそうと、覚えたての料理を一生懸命に作る少年の場面。,人物の性質描写であると同時に、「それを見た語り手が心を打たれ愛しく思う」感情の投射。
226,7. 他者への心情（羨望・嫉妬・同情・敬意など）,いたいけ,いたいけ,高,幼くて愛らしく、いじらしい様子。守ってあげたくなるさま。,迷子になりながらも、泣かずに母親の名前を一生懸命に警察官に伝えようとする幼児の場面。,「健気」と近縁だが、より「無垢な幼さ・弱々しさとそれに対する保護本能」を強調。
227,7. 他者への心情（羨望・嫉妬・同情・敬意など）,親近感,しんきんかん,並,自分と似た点があり、親しみやすく近づきやすいと感じる気持ち。,同じ本を愛読していることを知り、無口だった転校生に対して急に心が近づく場面。,他者との距離が一気に縮まるきっかけとなるポジティブな共感感情。
228,7. 他者への心情（羨望・嫉妬・同情・敬意など）,憧憬,どうけい / しょうけい,高,あこがれること。遠く手の届かない素晴らしいものに心を惹かれること。,都会の洗練された生活や、世界で活躍する探検家の手記を読んで胸を焦がす場面。,「あこがれ」の改まった漢語表現。難関校の心情記述や随筆文の頻出語。
229,7. 他者への心情（羨望・嫉妬・同情・敬意など）,恩に着る,おんにきる,中,人から受けた親切や助けをありがたく思い、心に留めること。,絶体絶命のピンチを救ってくれた友人に、「この借りは一生忘れない」と感謝する場面。,単なる「ありがとう」ではなく、「相手の情義に報いなければならない」という重みを含む。
230,7. 他者への心情（羨望・嫉妬・同情・敬意など）,邪推,じゃすい,高,他人の言動を、悪意や下心があるのではないかと悪く推測すること。,単なる善意でノートを貸してくれた友人に対し、「恩を売る気ではないか」と疑う場面。,心の歪みから生じる誤った解釈。「うがった見方（本来の誤用文脈）」に近似。
231,7. 他者への心情（羨望・嫉妬・同情・敬意など）,畏敬の念,いけいのねん,高,大いなる存在や高潔な人格を前にして、恐れ敬い頭を下げる心。,吹雪の峰々を一人で切り拓いてきた伝説の登山家と対面し、その眼光に圧倒される場面。,最上位校の随筆・説明文・物語文で最頻出。「畏怖（恐怖寄り）」よりも「崇高な敬意」が強調される。
232,7. 他者への心情（羨望・嫉妬・同情・敬意など）,僻む,ひがむ,中,他者の幸福や成功を素直に受け止められず、自分が不当に冷遇されているとひねくれて考えること。,努力して合格した友人を祝福できず、「どうせ裕福だから家庭教師をつけていたんだ」と悪態をつく場面。,劣等感の歪んだ防衛機制。「被害者意識を伴う嫉妬やねたみ」の心理。
233,7. 他者への心情（羨望・嫉妬・同情・敬意など）,訝る,いぶかる,高,相手の態度や事態の推移を、不審だ、怪しいと疑わしく思うこと。,いつも冷淡だった継母が、急に豪華な食事を用意して笑顔で迎えてくれたことに違和感を抱く場面。,「疑う」の文語的表現。「真意が測れず釈然としない警戒感」を含む。
234,7. 他者への心情（羨望・嫉妬・同情・敬意など）,憐れむ,あわれむ,中,困窮している者や不幸な境遇の者を気の毒に思い、温かい同情や情けをかけること。,寒空の下でマッチを売る少女の凍えた手を見て、なけなしの銀貨をすべて手渡す場面。,「見下す同情」ではなく、「相手の痛みに共感し救済の手を差し伸べたい」心情。
235,7. 他者への心情（羨望・嫉妬・同情・敬意など）,愛おしい,いとおしい,中,弱者や大切な存在を心から愛しく思い、大切に守り慈しみたい気持ち。,泥だらけになって自分のために野の花を摘んできてくれた幼い妹の寝顔を見つめる場面。,単なる「好き」を超えた、「守ってあげたいという保護本能と深い慈愛の情念」。
236,7. 他者への心情（羨望・嫉妬・同情・敬意など）,微笑ましい,ほほえましい,並,見ていると思わず微笑んでしまうほど、無邪気で可愛らしく心が和むさま。,一生懸命に背伸びをして大人びた敬語を使おうとする新入生のやり取りを見守る場面。,語り手や観察者の肯定的・温かい視線を表現する。小学生がつまずきやすい情緒語。
237,7. 他者への心情（羨望・嫉妬・同情・敬意など）,蔑む,さげすむ,高,相手の人格や言動を低級なものとして、心の中で見下し侮ること。,保身のために平気で嘘をつき、他人に罪を着せる同級生の浅ましさを冷淡に見つめる場面。,「軽蔑」の和語表現。道義的・品性的な低劣さに対する精神的見下し。
238,7. 他者への心情（羨望・嫉妬・同情・敬意など）,感服する,かんぷくする,高,相手の優れた力量や高潔な行動に心から感銘を受け、敬服すること。,敗北を喫しながらも、勝者を笑顔で讃えグラウンド整備を黙々と手伝う対戦相手の主将を見る場面。,「感心する」の改まった表現。「相手の器の大きさに脱帽し敬意を抱く」大人の心理。
239,8. 喜び・安堵・充実感,胸をなでおろす,むねをなでおろす,中,心配や緊張が解けて、ほっと安心すること。,行方不明になっていた飼い猫が無傷で戻ってきたのを確認し、安堵する場面。,不安・危機が去った際の身体表現。「安心する」の典型的な言い換え。
240,8. 喜び・安堵・充実感,感無量,かんむりょう,高,深く心に染み入り、言葉で言い表せないほど胸がいっぱいになること。,幾多の困難を乗り越えて完成させた演劇の幕が下り、スタンディングオベーションを受ける場面。,「量（はかり）が無い」。喜び・哀しみ・苦労などが一気に押し寄せ、胸が満たされる境地。
241,8. 喜び・安堵・充実感,屈託のない,くったくのない,高,心に何のこだわりや心配事もなく、あっけらかんと明るい様子。,深刻に悩んでいた主人公の前に、満面の笑顔で無邪気に駆け寄ってくる少年の場面。,「屈託（くよくよ悩むこと）」がないこと。曇りのない純粋な明るさを指す。
242,8. 喜び・安堵・充実感,陶酔,とうすい,高,心を奪われてうっとりすること。心地よい気分に浸ること。,名人の奏でる幻想的なフルートの音色に包まれ、時の経つのを忘れて聴き入る場面。,「お酒に酔う」ように、「芸術や美しさに我を忘れて浸りきる」高度な精神的快感。
243,8. 喜び・安堵・充実感,まんざらでもない,まんざらでもない,高,それほど悪くはない。結構気に入って満足している様子。,「頼りになるな」とおだてられ、照れ隠しでそっぽを向きながらも嬉しさを隠せない場面。,否定形を伴う婉曲表現。「内心はかなり嬉しく、満更（全くダメ）ではない」照れの心理。
244,8. 喜び・安堵・充実感,安堵,あんど,中,気がかりなことがなくなり、ほっと安心すること。,手術が無事に成功したという医師の言葉を聞き、家族全員の強張っていた表情が緩む場面。,単なる平穏ではなく、「恐怖や不安のプレッシャーから解放された安らぎ」。
245,8. 喜び・安堵・充実感,溜飲が下がる,りゅういんがさがる,高,胸のつかえが取れて、不平や不満が解消しすっとすること。,散々威張り散らしていた悪者が、正義の味方に完膚なきまで論破されたのを見る場面。,「胃液の逆流（溜飲）が収まる」ことから。「胸がすく」と同義の爽快感。
246,8. 喜び・安堵・充実感,胸がすく,むねがすく,高,心の中のわだかまりや不快な気分が一気に消え、せいせいすること。,卑劣な罠を仕掛けてきた相手に対し、正々堂々のプレーで見事な逆転劇を演じる場面。,鬱屈していた不満や悔しさが晴れ渡るような「スカッとした痛快さ」。
247,8. 喜び・安堵・充実感,胸躍る,むねおどる,中,期待や喜びで、わくわくすること。,明日から始まる無人島キャンプの計画書を広げ、冒険への期待を膨らませる場面。,未来に対するポジティブな高揚感。「胸が高鳴る」とほぼ同義。
248,8. 喜び・安堵・充実感,胸が高鳴る,むねがたかなる,並,期待や緊張、興奮のために、心臓の鼓動が速くなること。,憧れのオーケストラの指揮台に初めて立つ直前、幕の裏で深呼吸をする場面。,期待だけでなく「適度な緊張感」を含んだ前向きな興奮状態。
249,8. 喜び・安堵・充実感,欣喜雀躍,きんきじゃくやく,高,飛び上がらんばかりに大喜びすること。,奇跡的な逆転合格を知らせる通知書を手に取り、リビングで家族と飛び跳ねて抱き合う場面。,小鳥がスズメのようにピョンピョン跳ねる様。全身で爆発させる喜びの四字熟語。
250,8. 喜び・安堵・充実感,歓喜,かんき,中,非常に大喜びすること。,延長戦の末に優勝を決めた瞬間、ベンチから全員が雄叫びを上げてグラウンドに雪崩れ込む場面。,個人的な満足を超えた、「叫び出したくなるほどの極大の喜び」。
251,8. 喜び・安堵・充実感,充足感,じゅうそくかん,中,全てが満たされ、何一つ不足がないという満足な気持ち。,一日中汗を流して畑を耕し、夕暮れの心地よい疲労感の中で温かいお茶を飲む場面。,興奮的な喜びではなく、「精神的・肉体的に完全に満たされた穏やかな満足」。
252,8. 喜び・安堵・充実感,達成感,たっせいかん,並,目標や困難な事業を成し遂げたことによって得られる満足感。,何ヶ月もかけて解き進めた難解な数学の証明を、最後の行まで書き終えた瞬間。,自己の努力や挑戦の結果として得られる「やり遂げた充実の誇り」。
253,8. 喜び・安堵・充実感,晴れやか,はれやか,並,わだかまりや心配事がすっかり消え去り、心が明るく澄み渡る様子。,ずっと言えずにいた謝罪の言葉を親友に伝え、笑顔で許してもらえた後の帰り道の場面。,空模様の比喩。「胸の曇りが一切消え去った清々しい安心感と喜び」。
254,8. 喜び・安堵・充実感,ほっと息をつく,ほっといきをつく,並,緊張や警戒が解けて、深く息を吐き出すこと。安心すること。,追試をギリギリでクリアし、職員室を出た瞬間に全身の力を抜いて息を吐く場面。,身体の弛緩を伴う安堵の表現。記述で「緊張からの解放」を示すキーワード。
255,8. 喜び・安堵・充実感,肩の荷が下りる,かたのにがおりる,中,重い責任や任務を果たし終えて、心が軽くなりほっとすること。,生徒会長としての任期を全うし、次期会長への引き継ぎを無事に完了した場面。,単なる安心ではなく、「重圧や義務感から解放された身軽さ」を表す慣用句。
256,8. 喜び・安堵・充実感,喜色満面,きしょくまんめん,高,喜びの表情を顔全体にありありと浮かべること。,待ちに待っていたサンタクロースからの手紙を見つけ、満面の笑みで母親を呼ぶ場面。,「得意満面（誇り・自慢）」と異なり、純粋な「喜び」が表情に溢れる四字熟語。
257,8. 喜び・安堵・充実感,頬が緩む,ほおがゆるむ,中,嬉しさや照れくささのために、知らず知らずのうちに笑顔になること。,ぶっきらぼうな父親から「お前も少しは頼もしくなったな」と認められた場面。,意識して笑うのではなく、「無意識に喜びが顔にほころび出てしまう」描写。
258,8. 喜び・安堵・充実感,手応え,てごたえ,中,働きかけたことに対して得られる、確かな反応や成果の実感。,猛練習してきた新しい投球フォームを試し、狙い通りのコースへ鋭い直球が決まった瞬間。,成功の予感に基づく「確信と自信を含んだ喜び」。記述の因果関係で多用。
259,8. 喜び・安堵・充実感,息を吹き返す,いきをふきかえす,中,衰えかけていた気力や勢いが、再び活発に蘇ること。,絶望的な点差だったが、キャプテンの起死回生のホームランによってチーム全員の闘志が蘇る場面。,沈滞や挫折からの回復。「希望を再び見出したことによる活気の復活」。
260,8. 喜び・安堵・充実感,水を得た魚,みずをえたさかな,中,自分に合った環境を得て、生き生きと活躍する様子。,堅苦しい教室では馴染めなかった少年が、野外観察の森に入った途端に知識を披露し輝く場面。,生き生きとした充実感と躍動感を表す成語。適材適所の喜びに頻出。
261,8. 喜び・安堵・充実感,興奮を隠せない,こうふんをかくせない,並,喜びや期待による心の高まりを、平静を装おうとしても抑えきれない様子。,憧れの宇宙飛行士との対面を直前に控え、待合室でそわそわと落ち着かない場面。,感情のエネルギーが大きく、「冷静になろうと自制しても漏れ出てしまう」状態。
262,8. 喜び・安堵・充実感,冥利に尽きる,みょうりにつきる,高,その立場や境遇にある者として、これ以上の名誉や幸せはないと思うこと。,卒業生たちが立派に成長して感謝を伝えに訪れてくれた時の、老教師の感慨。,「役者冥利」「教師冥利」。その役割を全うしたことに対する究極の職業的・人生の充実感。
263,8. 喜び・安堵・充実感,幸福感,こうふくかん,並,心から幸せで満ち足りていると感じる気持ち。,家族全員で食卓を囲み、温かい手料理を食べながら笑い合っている何気ない日常の場面。,刺激的な歓喜ではなく、「日常の温もりの中に感じる静かで深い満ち足りた心」。
264,8. 喜び・安堵・充実感,心を奪われる,こころをうばわれる,中,素晴らしさや美しさにすっかり夢中になり、他のことが目に入らなくなること。,夕日に染まる雄大な富士山のパノラマを初めて山頂から見下ろした瞬間の主人公。,美・対象に対する究極の感動と陶酔。「息をのむ」「魅了される」の同義。
265,8. 喜び・安堵・充実感,ほっとする,ほっとする,並,心配や緊張が消え去り、心が軽くなって安心すること。,迷子になっていた弟が無事に警察署で保護されたと連絡を受け、張り詰めていた糸が切れる場面。,最も基本的だが記述の結びで「安堵する」と言い換えるべき重要基礎心情。
266,8. 喜び・安堵・充実感,心が躍る,こころがおどる,並,喜ばしい期待や情熱のために、胸が弾むようにわくわくすること。,初めて憧れのプロ野球選手のキャンプ見学に向かう朝、ユニフォームを着て足取り軽く歩く場面。,身体感覚を伴う喜び表現。「胸躍る」と同義。未来への前向きな高揚感。
267,8. 喜び・安堵・充実感,感慨深い,かんがいぶかい,中,過去の様々な出来事や苦労を思い起こして、胸に深く染み入る思いがすること。,廃校が決まった校舎の屋上に立ち、仲間たちと過ごした六年間を走馬灯のように振り返る場面。,単なる「嬉しい」ではなく、「苦難を乗り越えてきた歴史に対するしみじみとした情感」。
268,8. 喜び・安堵・充実感,しみじみと,しみじみと,中,感情や物事の良さが、心の奥底まで深くじっくりと染み通るさま。,激戦を終えた夜、祖父の淹れてくれた温かいお茶をすすりながら、家族のありがたさを噛みしめる場面。,派手な歓喜ではなく、「静かに心の深層で味わう持続的で穏やかな幸福感・充足感」。
269,8. 喜び・安堵・充実感,安らぐ,やすらぐ,並,心の緊張や警戒が解けて、穏やかで平穏な気持ちになること。,長い一人旅から我が家に帰還し、自分の部屋のベッドに横たわった瞬間の静けさ。,「安心」の一歩先にある、「心身が完全にリラックスして調和を取り戻した状態」。
270,8. 喜び・安堵・充実感,うきうきする,うきうきする,並,嬉しいことや楽しみな予定があり、心が浮き立つように明るく弾むさま。,明日からの修学旅行の荷造りを終え、カバンを前にして眠れずにそわそわする場面。,子どもの自然な高揚感。「有頂天（油断を伴う）」と異なり、純粋な楽しみの予感。
271,8. 喜び・安堵・充実感,じーんとする,じーんとする,並,他者の深い情愛や高潔な行いに触れ、深い感動で胸や目頭が熱くなること。,厳しかった祖母が、自分のために夜なべをして手編みのマフラーを編んでくれていたと知った場面。,身体反応（胸の熱さ・涙）を伴う感動表現。他者の真実の思いを知ったときの情動。
272,8. 喜び・安堵・充実感,誇らしげ,ほこらしげ,並,自信と誇りに満ちた様子が、表情や態度・立ち振る舞いに表れているさま。,自分で育てた大輪の朝顔を両手で大切に抱え、家族に見せようと走ってくる少年の笑顔。,人物の外見描写を通じて内面の「正当な自尊心・達成感」を表現する重要語。
